{"loss": 11.093820571899414, "latest-batch-accuracy": 1.874015748031496, "_timestamp": 1684373042.6796894, "_runtime": 11.993953466415405, "_step": 0, "_wandb": {"runtime": 11}}