{"loss": 10.542008399963379, "latest-batch-accuracy": 0.9343832020997376, "_timestamp": 1684373544.4854088, "_runtime": 9.238768815994263, "_step": 0, "_wandb": {"runtime": 8}}