{"loss": 10.902478218078613, "latest-batch-accuracy": 1.863517060367454, "_timestamp": 1684372573.6122603, "_runtime": 9.495778322219849, "_step": 0, "_wandb": {"runtime": 9}}